{
  "deals": [
    {
      "id": "deal-001",
      "badge": "50% OFF",
      "title": "Amazon Prime Day",
      "description": "Get 50% off on select electronics and home appliances",
      "image": "https://assets.aboutamazon.com/dims4/default/c19b4d0/2147483647/strip/true/crop/1279x720+0+0/resize/2480x1396!/format/webp/quality/90/?url=https%3A%2F%2Famazon-blogs-brightspot.s3.amazonaws.com%2Fe2%2Fc3%2Fe580ec6a4b5385057fb315dc5cad%2Flead20-21.jpg",
      "expiry": "2 days",
      "code": "PRIME50"
    },
    {
      "id": "deal-002",
      "badge": "₹8300 OFF",
      "title": "Flipkart Big Billion Days",
      "description": "Get ₹8300 off on purchases above ₹41500",
      "image": "https://media.assettype.com/newindianexpress%2F2024-02%2Fb7776532-570b-457a-a975-117987b215d4%2FScreenshot_2024_02_21_202756.jpg?w=1024&auto=format%2Ccompress&fit=max",
      "expiry": "5 days",
      "code": "FLIP100"
    },
    {
      "id": "deal-003",
      "badge": "FREE SHIPPING",
      "title": "Best Buy Weekend Sale",
      "description": "Free shipping on all orders + extra 10% off",
      "image": "https://images.macrumors.com/t/gzAjTRp8z3F6uyl81A2dMKp_duo=/1600x0/article-new/2019/11/Best-Buy-November-Deals-Apple.jpg",
      "expiry": "3 days",
      "code": "BEST10"
    }
  ],
  "coupons": [
    {
      "id": "coupon-001",
      "code": "WELCOME10",
      "title": "Welcome Offer",
      "description": "Get 10% off on your first purchase",
      "validity": "Valid on all products"
    },
    {
      "id": "coupon-002",
      "code": "SUMMER20",
      "title": "Summer Special",
      "description": "20% off on summer collection",
      "validity": "Valid on selected items"
    },
    {
      "id": "coupon-003",
      "code": "FLASH25",
      "title": "Flash Sale",
      "description": "25% off for next 24 hours",
      "validity": "Limited time offer"
    }
  ]
}
